Tittel,Forfatter,ISBN,Strekkode
Skråpånatta,Lars Mytting,9788205548387,1
Skråpånatta,Lars Mytting,9788205548387,2
Skråpånatta,Lars Mytting,9788205548387,3
Atlas: Historien om Pa Salt,Lucinda Riley,9788205548387,4
Maskiner som tenker,Inga Strümke,9788248926741,5
Maskiner som tenker,Inga Strümke,9788248926741,6
Maskiner som tenker,Inga Strümke,9788248926741,7
Maskiner som tenker,Inga Strümke,9788248926741,8
Maskiner som tenker,Inga Strümke,9788248926741,9
Å vanne blomster om kvelden,Valérie Perrin,9788205548387,10
Å vanne blomster om kvelden,Valérie Perrin,9788205548387,11
Da vi var yngre,Oliver Lovrenski,9788205548387,12
Da vi var yngre,Oliver Lovrenski,9788205548387,13
Da vi var yngre,Oliver Lovrenski,9788205548387,14
